{
  "main": {
    "id": "eb034dc07c8be3dc",
    "type": "split",
    "children": [
      {
        "id": "c904b08b0e31d0a2",
        "type": "tabs",
        "children": [
          {
            "id": "0021fad0c21e27ca",
            "type": "leaf",
            "state": {
              "type": "markdown",
              "state": {
                "file": "People/👥 People MOC.md",
                "mode": "preview",
                "source": true
              },
              "icon": "lucide-file",
              "title": "👥 People MOC"
            }
          }
        ]
      }
    ],
    "direction": "vertical"
  },
  "left": {
    "id": "4b8a3cc4207ac53b",
    "type": "mobile-drawer",
    "children": [
      {
        "id": "8b56b8b4653b9b3d",
        "type": "leaf",
        "state": {
          "type": "file-explorer",
          "state": {
            "sortOrder": "alphabetical",
            "autoReveal": false
          },
          "icon": "lucide-folder-closed",
          "title": "Files"
        }
      },
      {
        "id": "951576da274fee46",
        "type": "leaf",
        "state": {
          "type": "search",
          "state": {
            "query": "",
            "matchingCase": false,
            "explainSearch": false,
            "collapseAll": false,
            "extraContext": false,
            "sortOrder": "alphabetical"
          },
          "icon": "lucide-search",
          "title": "Search"
        }
      },
      {
        "id": "5c2529ee68957746",
        "type": "leaf",
        "state": {
          "type": "tag",
          "state": {
            "sortOrder": "frequency",
            "useHierarchy": true,
            "showSearch": false,
            "searchQuery": ""
          },
          "icon": "lucide-tags",
          "title": "Tags"
        }
      },
      {
        "id": "3268c6fbfab52b1e",
        "type": "leaf",
        "state": {
          "type": "bookmarks",
          "state": {},
          "icon": "lucide-bookmark",
          "title": "Bookmarks"
        }
      }
    ],
    "currentTab": 0
  },
  "right": {
    "id": "7a41d4e3d9dc0181",
    "type": "mobile-drawer",
    "children": [
      {
        "id": "07b713c34f8579f4",
        "type": "leaf",
        "state": {
          "type": "backlink",
          "state": {
            "file": "Meetings/🗣️ Meetings MOC.md",
            "collapseAll": false,
            "extraContext": false,
            "sortOrder": "alphabetical",
            "showSearch": false,
            "searchQuery": "",
            "backlinkCollapsed": false,
            "unlinkedCollapsed": true
          },
          "icon": "links-coming-in",
          "title": "Backlinks"
        }
      },
      {
        "id": "bc04825c940c9451",
        "type": "leaf",
        "state": {
          "type": "outgoing-link",
          "state": {
            "file": "Meetings/🗣️ Meetings MOC.md",
            "linksCollapsed": false,
            "unlinkedCollapsed": true
          },
          "icon": "links-going-out",
          "title": "Outgoing links"
        }
      },
      {
        "id": "2850e68f9eccf632",
        "type": "leaf",
        "state": {
          "type": "outline",
          "state": {
            "file": "Meetings/🗣️ Meetings MOC.md",
            "followCursor": false,
            "showSearch": false,
            "searchQuery": ""
          },
          "icon": "lucide-list",
          "title": "Outline"
        }
      }
    ],
    "currentTab": 0
  },
  "left-ribbon": {
    "hiddenItems": {
      "templater-obsidian:Templater": false,
      "switcher:Open quick switcher": false,
      "graph:Open graph view": false,
      "canvas:Create new canvas": false,
      "daily-notes:Open today's daily note": false,
      "templates:Insert template": false,
      "command-palette:Open command palette": false
    }
  },
  "active": "0021fad0c21e27ca",
  "lastOpenFiles": [
    "People/Dean Smith.md",
    "People/👥 People MOC.md",
    "People/New Person.md",
    "People/Uday Desai.md",
    "+Home.md",
    "Companies/📈 Companies MOC.md",
    "Bon.md",
    "Home.md",
    "Meetings/🗣️ Meetings MOC.md",
    "Meetings/2025-05-13 Test.md",
    "Meetings/2025-05-13 TKTK.md",
    "Companies/Test.md",
    "Companies/Untitled.md",
    "➕Extras/Templates/Template, Meeting Note.md",
    "➕Extras/Templates/Template, People.md",
    "➕Extras/Templates/Template, Companies.md",
    "➕Extras/Templates",
    "➕Extras",
    "Extras/Templates/Template, Meeting Note.md",
    "Extras/Templates/Template, People.md",
    "Extras/Templates/Template, Companies.md",
    "Extras/Templates",
    "Extras"
  ]
}